{"cameraMode":{"drawMode":0,"name":"Shaded","section":"Shading Mode"},"sceneLighting":false,"audioPlay":false,"sceneViewState":{"showFog":true,"showMaterialUpdate":false,"showSkybox":true,"showFlares":true,"showImageEffects":true,"showParticleSystems":true},"in2DMode":false,"pivot":{"x":-0.3000890016555786,"y":-0.139570951461792,"z":-0.04326245188713074},"rotation":{"x":-0.3206236660480499,"y":-0.5413829684257507,"z":0.23421329259872437,"w":-0.7411134839057922},"size":2.4989829063415529,"orthographic":false}