{"cameraMode":{"drawMode":0,"name":"Shaded","section":"Shading Mode"},"sceneLighting":false,"audioPlay":false,"sceneViewState":{"showFog":true,"showMaterialUpdate":false,"showSkybox":true,"showFlares":true,"showImageEffects":true,"showParticleSystems":true},"in2DMode":false,"pivot":{"x":-1.612013339996338,"y":1.34850013256073,"z":-5.483914375305176},"rotation":{"x":0.19533470273017884,"y":0.7986770868301392,"z":-0.34410491585731509,"w":0.45337748527526858},"size":2.8578836917877199,"orthographic":false}